order_id,customer_id,region,category,segment,status,units,unit_price,discount_pct,return_flag,revenue,net_rev
ORD4000,1011,West,Sports,VIP,Delivered,16,487.3392100449377,15,1,6627.81,6627.813256611153
ORD4001,1020,West,Clothing,VIP,Delivered,22,439.69215358379995,10,1,8705.9,8705.90464095924
ORD4002,1024,North,Electronics,Premium,Delivered,2,366.6154587405992,20,0,586.58,586.5847339849587
ORD4003,1002,North,Clothing,VIP,Delivered,5,180.3366271024282,15,0,766.43,766.4306651853199
ORD4004,1059,East,Home,Premium,Delivered,16,292.61958441218366,5,0,4447.82,4447.817683065191
ORD4005,1004,West,Electronics,Regular,Delivered,20,62.969603047951956,0,0,1259.39,1259.392060959039
ORD4006,1058,North,Books,Regular,Delivered,7,477.20556651840764,20,0,2672.35,2672.351172503083
ORD4007,1060,West,Sports,Regular,Delivered,4,197.77270688634565,0,0,791.09,791.0908275453826
ORD4008,1057,North,Sports,Regular,Returned,24,91.57172731582908,10,0,1977.95,1977.949310021908
ORD4009,1052,West,Books,Regular,Delivered,6,346.5180054018266,20,0,1663.29,1663.286425928768
ORD4010,1059,North,Electronics,Regular,Delivered,6,176.54652074654825,5,0,1006.32,1006.315168255325
ORD4011,1034,North,Electronics,Premium,Delivered,1,436.6768620104097,20,1,349.34,349.3414896083278
ORD4012,1014,South,Clothing,VIP,Returned,2,354.44244617524714,15,0,602.55,602.5521584979201
ORD4013,1059,West,Clothing,Regular,Delivered,17,274.9543377503069,20,0,3739.38,3739.378993404174
ORD4014,1054,North,Books,VIP,Delivered,20,328.58656245346157,20,1,5257.38,5257.384999255385
ORD4015,1060,South,Books,Premium,Delivered,13,514.1382540730142,5,0,6349.61,6349.607437801725
ORD4016,1004,North,Electronics,Premium,Delivered,19,60.54498894903051,0,0,1150.35,1150.3547900315798
ORD4017,1024,South,Books,VIP,Returned,15,418.9190747676272,10,1,5655.41,5655.407509362967
ORD4018,1031,West,Clothing,Regular,Delivered,8,376.0708137318213,15,0,2557.28,2557.2815333763847
ORD4019,1020,South,Electronics,Regular,Delivered,9,111.14593305193677,15,0,850.27,850.2663878473162
ORD4020,1058,North,Books,Regular,Delivered,20,554.1188515140161,20,0,8865.9,8865.901624224258
ORD4021,1041,West,Clothing,VIP,Delivered,13,428.6083461600389,0,0,5571.91,5571.908500080505
ORD4022,1035,North,Home,Regular,Pending,6,484.50240882964135,20,0,2325.61,2325.6115623822784
ORD4023,1002,East,Electronics,Premium,Delivered,7,347.5545749780006,15,0,2067.95,2067.9497211191037
ORD4024,1026,South,Books,VIP,Delivered,8,266.2904951930483,10,0,1917.29,1917.2915653899477
ORD4025,1035,North,Clothing,VIP,Delivered,15,512.6490859209367,10,0,6920.76,6920.762659932646
ORD4026,1027,North,Electronics,Regular,Delivered,11,435.5498922280697,20,0,3832.84,3832.8390516070135
ORD4027,1047,East,Home,VIP,Returned,16,136.95888695219855,10,1,1972.21,1972.2079721116593
ORD4028,1023,South,Sports,Regular,Returned,10,465.42261576258096,5,1,4421.51,4421.514849744519
ORD4029,1037,South,Books,VIP,Delivered,3,434.3590882791795,15,0,1107.62,1107.6156751119076
ORD4030,1006,East,Books,Premium,Delivered,11,365.5708831020258,5,0,3820.22,3820.2157284161694
ORD4031,1035,North,Electronics,Premium,Returned,12,492.5492615066876,0,1,5910.59,5910.591138080252
ORD4032,1020,West,Home,VIP,Returned,11,491.09304020388595,0,0,5402.02,5402.023442242746
ORD4033,1032,West,Books,VIP,Delivered,24,379.14083638175316,20,1,7279.5,7279.504058529661
ORD4034,1045,East,Home,Premium,Pending,22,358.68272845101336,15,0,6707.37,6707.36702203395
ORD4035,1013,East,Home,VIP,Returned,13,330.1236022570891,5,0,4077.03,4077.0264878750504
ORD4036,1060,South,Clothing,VIP,Returned,24,424.99204508323334,15,1,8669.84,8669.83771969796
ORD4037,1026,North,Books,Premium,Delivered,24,445.15308049020985,5,0,10149.49,10149.490235176783
ORD4038,1051,North,Sports,VIP,Returned,24,75.17906133372301,15,0,1533.65,1533.6528512079494
ORD4039,1007,West,Books,VIP,Pending,23,56.43167821100427,0,0,1297.93,1297.9285988530983
ORD4040,1048,West,Books,Regular,Delivered,21,499.36232085679325,15,0,8913.62,8913.617427293759
ORD4041,1018,West,Sports,Premium,Delivered,20,430.4151026344706,0,0,8608.3,8608.302052689412
ORD4042,1005,North,Books,Regular,Delivered,11,51.20181640419394,20,0,450.58,450.5759843569067
ORD4043,1031,North,Clothing,VIP,Delivered,23,168.81831088466288,20,0,3106.26,3106.2569202777972
ORD4044,1023,South,Sports,Regular,Delivered,23,595.8977926025982,20,0,10964.52,10964.519383887808
ORD4045,1001,South,Clothing,Premium,Delivered,9,233.48360452675044,0,0,2101.35,2101.352440740754
ORD4046,1013,South,Electronics,Premium,Returned,22,229.00970020471212,20,0,4030.57,4030.5707236029334
ORD4047,1033,North,Clothing,VIP,Delivered,6,463.780419356109,0,1,2782.68,2782.682516136654
ORD4048,1002,South,Books,VIP,Returned,11,368.60303049119733,20,0,3243.71,3243.7066683225366
ORD4049,1060,South,Electronics,Regular,Delivered,23,154.11555713006092,20,1,2835.73,2835.7262511931212
ORD4050,1035,South,Clothing,Premium,Delivered,13,360.2141649003319,10,0,4214.51,4214.505729333884
ORD4051,1055,South,Electronics,VIP,Pending,9,348.1974097400192,0,0,3133.78,3133.776687660173
ORD4052,1038,East,Books,Regular,Delivered,10,337.42977746104395,10,0,3036.87,3036.8679971493957
ORD4053,1059,South,Sports,Premium,Delivered,8,287.09055602924695,20,0,1837.38,1837.3795585871806
ORD4054,1046,South,Books,VIP,Returned,9,87.85200139838813,15,0,672.07,672.0678106976691
ORD4055,1058,East,Home,Premium,Delivered,9,161.66377703651276,15,0,1236.73,1236.7278943293227
ORD4056,1040,East,Electronics,Premium,Delivered,21,107.54036174233103,10,0,2032.51,2032.5128369300564
ORD4057,1029,South,Electronics,Regular,Delivered,11,167.3053729265219,0,0,1840.36,1840.359102191741
ORD4058,1048,West,Home,Premium,Delivered,10,474.1763914173251,0,0,4741.76,4741.763914173251
ORD4059,1035,East,Electronics,Premium,Delivered,6,112.91455451147496,15,0,575.86,575.8642280085222
ORD4060,1021,East,Home,Regular,Pending,2,531.0095959438568,5,0,1008.92,1008.9182322933278
ORD4061,1005,North,Clothing,VIP,Delivered,2,214.49177445258937,5,0,407.53,407.5343714599198
ORD4062,1027,North,Home,Premium,Delivered,19,366.44645537894087,0,0,6962.48,6962.482652199877
ORD4063,1005,South,Electronics,VIP,Pending,12,219.74704823345348,10,1,2373.27,2373.268120921298
ORD4064,1031,South,Books,Premium,Delivered,18,536.9655319804647,10,0,8698.84,8698.841618083527
ORD4065,1012,South,Home,VIP,Delivered,13,138.93983607198578,10,0,1625.6,1625.5960820422338
ORD4066,1028,South,Electronics,VIP,Delivered,21,167.83916815491244,0,0,3524.62,3524.6225312531615
ORD4067,1013,East,Electronics,Regular,Returned,14,357.5590729169475,10,0,4505.24,4505.244318753539
ORD4068,1002,East,Home,VIP,Pending,22,132.3916994739572,20,0,2330.09,2330.0939107416466
ORD4069,1013,South,Home,VIP,Delivered,7,154.49722769946823,15,0,919.26,919.258504811836
ORD4070,1056,North,Electronics,VIP,Delivered,15,466.5027283732608,20,0,5598.03,5598.032740479131
ORD4071,1041,East,Clothing,VIP,Returned,12,247.96071684299588,10,0,2677.98,2677.9757419043553
ORD4072,1054,West,Clothing,VIP,Delivered,24,453.937228677537,15,0,9260.32,9260.319465021756
ORD4073,1005,West,Home,VIP,Delivered,16,226.16748216217914,20,1,2894.94,2894.943771675893
ORD4074,1036,East,Home,VIP,Delivered,13,360.0507802847064,20,0,3744.53,3744.528114960947
ORD4075,1031,West,Sports,Premium,Delivered,20,223.8658467216951,15,0,3805.72,3805.719394268817
ORD4076,1039,South,Books,VIP,Delivered,18,391.0742402224167,20,1,5631.47,5631.469059202801
ORD4077,1003,East,Books,Premium,Returned,11,322.328285472369,10,0,3191.05,3191.0500261764532
ORD4078,1044,North,Sports,VIP,Delivered,18,69.99465728843491,20,0,1007.92,1007.9230649534628
ORD4079,1030,East,Books,Premium,Pending,17,246.04069579243796,0,0,4182.69,4182.691828471446
ORD4080,1051,North,Home,Regular,Delivered,18,415.3282715794363,10,0,6728.32,6728.317999586869
ORD4081,1060,South,Sports,Premium,Delivered,15,497.5325162925123,10,1,6716.69,6716.688969948917
ORD4082,1034,North,Clothing,VIP,Returned,5,588.1389674044246,15,0,2499.59,2499.590611468805
ORD4083,1023,West,Clothing,Regular,Delivered,19,527.9569715292565,20,0,8024.95,8024.945967244699
ORD4084,1013,East,Electronics,Premium,Delivered,23,369.57791508912413,5,0,8075.28,8075.277444697363
ORD4085,1055,West,Sports,Premium,Delivered,17,289.0337019522407,20,0,3930.86,3930.858346550473
ORD4086,1049,South,Home,Regular,Delivered,7,298.7968082450491,10,0,1882.42,1882.4198919438095
ORD4087,1029,West,Clothing,Premium,Delivered,3,529.3984503011709,0,0,1588.2,1588.1953509035127
ORD4088,1006,North,Clothing,Premium,Delivered,24,75.42905339064188,0,0,1810.3,1810.2972813754052
ORD4089,1055,West,Sports,Regular,Returned,8,320.45018341928557,20,0,2050.88,2050.881173883428
ORD4090,1049,South,Books,Regular,Returned,19,176.71605970658277,5,0,3189.72,3189.724877703819
ORD4091,1060,South,Books,VIP,Delivered,14,379.1029721916257,0,0,5307.44,5307.44161068276
ORD4092,1031,South,Home,VIP,Delivered,20,429.44448237731547,10,1,7730.0,7730.000682791679
ORD4093,1037,North,Electronics,Premium,Pending,5,118.87224116709348,15,0,505.21,505.2070249601473
ORD4094,1001,North,Books,VIP,Delivered,5,195.29420876867914,5,1,927.65,927.6474916512259
ORD4095,1032,East,Clothing,Regular,Delivered,15,136.32093334551658,15,0,1738.09,1738.0919001553364
ORD4096,1034,East,Sports,Regular,Pending,16,71.3829290375726,15,0,970.81,970.8078349109873
ORD4097,1008,East,Sports,Regular,Delivered,22,295.842866700498,15,1,5532.26,5532.261607299312
ORD4098,1016,South,Sports,VIP,Delivered,12,271.4709421597886,20,0,2606.12,2606.121044733971
ORD4099,1007,South,Home,Regular,Delivered,4,316.4266766762161,5,0,1202.42,1202.4213713696213
ORD4100,1011,South,Sports,VIP,Delivered,23,173.4564461575651,10,0,3590.55,3590.5484354615974
ORD4101,1033,North,Home,Regular,Delivered,5,266.2678372696774,5,0,1264.77,1264.7722270309675
ORD4102,1048,South,Sports,Regular,Delivered,17,205.93778150563082,15,0,2975.8,2975.800942756365
ORD4103,1020,West,Books,VIP,Pending,9,354.2776027933115,10,0,2869.65,2869.648582625823
ORD4104,1021,East,Home,Premium,Delivered,5,540.2729343023705,15,1,2296.16,2296.159970785074
ORD4105,1048,South,Clothing,Regular,Delivered,13,417.1165956843891,5,0,5151.39,5151.389956702205
ORD4106,1001,West,Home,Premium,Delivered,18,266.3457975876389,5,0,4554.51,4554.513138748625
ORD4107,1037,East,Sports,Premium,Delivered,10,392.6542314036101,5,0,3730.22,3730.2151983342956
ORD4108,1045,West,Electronics,Regular,Delivered,23,416.170209921085,10,0,8614.72,8614.723345366461
ORD4109,1001,North,Books,VIP,Delivered,22,305.5125142723898,5,0,6385.21,6385.211548292947
ORD4110,1017,North,Home,Regular,Delivered,20,460.62826369448254,0,0,9212.57,9212.565273889652
ORD4111,1006,West,Electronics,VIP,Delivered,24,54.025702824847926,20,0,1037.29,1037.29349423708
ORD4112,1024,North,Sports,VIP,Returned,6,439.9053731049579,0,0,2639.43,2639.432238629747
ORD4113,1006,North,Sports,VIP,Delivered,21,504.2912588426267,5,1,10060.61,10060.610613910403
ORD4114,1057,South,Books,Premium,Pending,10,481.44212933279084,5,1,4573.7,4573.700228661513
ORD4115,1018,West,Books,Regular,Delivered,3,530.7073599846495,20,0,1273.7,1273.6976639631591
ORD4116,1027,South,Home,Premium,Returned,21,248.57795108296108,20,1,4176.11,4176.1095781937465
ORD4117,1011,South,Sports,Regular,Returned,15,54.04568060643999,20,1,648.55,648.5481672772798
ORD4118,1003,West,Electronics,Regular,Delivered,16,110.5333823162739,15,0,1503.25,1503.253999501325
ORD4119,1027,North,Clothing,Regular,Delivered,6,492.04912601585556,0,0,2952.29,2952.2947560951334
ORD4120,1005,East,Electronics,Regular,Delivered,1,285.4050164820005,15,1,242.59,242.59426400970042
ORD4121,1008,South,Electronics,Regular,Delivered,23,513.0650112775529,15,0,10030.42,10030.42097047616
ORD4122,1028,South,Clothing,Regular,Delivered,23,280.53594478492886,0,0,6452.33,6452.3267300533635
ORD4123,1026,East,Sports,Premium,Delivered,14,161.90744975739142,15,0,1926.7,1926.6986521129577
ORD4124,1054,East,Books,VIP,Delivered,14,284.01255163856354,0,0,3976.18,3976.1757229398895
ORD4125,1033,North,Home,VIP,Delivered,24,265.9671517450909,20,0,5106.57,5106.569313505746
ORD4126,1048,North,Electronics,Premium,Delivered,6,54.20288157788604,0,0,325.22,325.2172894673162
ORD4127,1022,South,Home,Regular,Delivered,5,251.34459787853976,5,0,1193.89,1193.8868399230637
ORD4128,1044,South,Books,Regular,Delivered,4,159.71489608154218,10,1,574.97,574.9736258935519
ORD4129,1038,West,Sports,VIP,Delivered,22,243.61597114176863,0,0,5359.55,5359.551365118909
ORD4130,1002,West,Sports,VIP,Delivered,18,370.0440644750891,20,0,5328.63,5328.634528441284
ORD4131,1026,South,Clothing,Premium,Delivered,9,113.00912451221987,5,0,966.23,966.2280145794798
ORD4132,1044,West,Sports,Premium,Delivered,16,494.6140207567761,15,0,6726.75,6726.750682292155
ORD4133,1046,East,Electronics,Premium,Delivered,23,419.2000754500314,5,0,9159.52,9159.521648583186
ORD4134,1059,South,Clothing,VIP,Delivered,16,586.242015265317,15,0,7972.89,7972.891407608311
ORD4135,1057,West,Home,VIP,Delivered,17,227.95154157330947,15,0,3293.9,3293.899775734322
ORD4136,1018,South,Clothing,Regular,Delivered,11,290.5564467080376,15,0,2716.7,2716.702776720151
ORD4137,1012,West,Electronics,Regular,Delivered,9,554.2002075078872,15,0,4239.63,4239.631587435337
ORD4138,1032,East,Electronics,VIP,Delivered,17,53.527220456313415,10,0,818.97,818.9664729815953
ORD4139,1042,West,Electronics,Premium,Returned,7,450.9972662731361,0,0,3156.98,3156.980863911953
ORD4140,1021,East,Clothing,Premium,Delivered,2,560.7585069147133,15,0,953.29,953.2894617550126
ORD4141,1012,North,Electronics,VIP,Delivered,5,342.78690500976876,5,1,1628.24,1628.2377987964016
ORD4142,1056,West,Books,Regular,Delivered,13,141.1290350772559,0,0,1834.68,1834.6774560043268
ORD4143,1052,South,Sports,VIP,Delivered,24,449.1828402847708,5,0,10241.37,10241.368758492774
ORD4144,1048,East,Clothing,Regular,Returned,22,114.6926657087039,15,0,2144.75,2144.752848752763
ORD4145,1019,West,Home,VIP,Delivered,3,64.14158897560475,20,0,153.94,153.9398135414514
ORD4146,1025,North,Clothing,Premium,Delivered,19,404.505172646146,0,0,7685.6,7685.598280276774
ORD4147,1032,East,Home,Regular,Delivered,9,526.0569509300185,15,0,4024.34,4024.3356746146414
ORD4148,1036,East,Electronics,Regular,Delivered,10,106.68211129897144,10,0,960.14,960.1390016907428
ORD4149,1018,South,Home,Premium,Delivered,22,337.8785027951344,20,0,5946.66,5946.661649194366
ORD4150,1008,South,Books,VIP,Delivered,7,338.11122851320744,10,0,2130.1,2130.1007396332066
ORD4151,1012,South,Clothing,Premium,Delivered,22,208.47682324075058,5,0,4357.17,4357.165605731687
ORD4152,1032,North,Clothing,VIP,Delivered,8,264.516548818822,0,0,2116.13,2116.132390550576
ORD4153,1057,East,Books,Premium,Delivered,1,400.99880027443567,15,0,340.85,340.8489802332703
ORD4154,1019,West,Home,VIP,Delivered,14,399.3724953695056,0,1,5591.21,5591.214935173079
ORD4155,1002,South,Clothing,Premium,Delivered,12,355.6144596985556,15,1,3627.27,3627.2674889252676
ORD4156,1033,North,Clothing,Regular,Delivered,19,567.6437292878818,15,0,9167.45,9167.446227999291
ORD4157,1044,East,Sports,Regular,Returned,2,388.0990024023049,15,1,659.77,659.7683040839183
ORD4158,1060,East,Books,VIP,Delivered,6,150.62857027808226,0,0,903.77,903.7714216684935
ORD4159,1015,North,Books,Premium,Delivered,24,52.846246466248814,5,0,1204.89,1204.894419430473
ORD4160,1039,East,Home,Premium,Delivered,21,195.13319545330768,10,0,3688.02,3688.017394067515
ORD4161,1022,South,Clothing,Premium,Delivered,5,373.5053281948391,5,0,1774.15,1774.1503089254854
ORD4162,1048,South,Clothing,Regular,Delivered,10,287.219608881401,0,0,2872.2,2872.1960888140097
ORD4163,1054,West,Books,Premium,Returned,18,90.42244951629607,10,0,1464.84,1464.8436821639964
ORD4164,1040,West,Sports,Premium,Returned,12,478.66842260731227,10,0,5169.62,5169.618964158973
ORD4165,1035,West,Books,VIP,Delivered,21,243.43335314749953,10,1,4600.89,4600.890374487741
ORD4166,1027,North,Electronics,Premium,Delivered,5,550.171536016333,10,0,2475.77,2475.7719120734987
ORD4167,1059,West,Clothing,Premium,Returned,20,421.14480055469505,0,0,8422.9,8422.8960110939
ORD4168,1054,East,Sports,Regular,Pending,23,209.5602716336266,10,0,4337.9,4337.89762281607
ORD4169,1049,North,Books,Premium,Returned,19,309.9529412722075,10,0,5300.2,5300.195295754748
ORD4170,1014,South,Electronics,VIP,Delivered,1,142.6362528223945,0,0,142.64,142.6362528223945
ORD4171,1026,North,Home,Premium,Delivered,15,280.53854409470864,0,0,4208.08,4208.07816142063
ORD4172,1017,East,Books,Regular,Delivered,17,197.4435588170927,15,0,2853.06,2853.0594249069895
ORD4173,1022,South,Clothing,Regular,Returned,6,59.2052417615819,0,0,355.23,355.2314505694914
ORD4174,1029,North,Books,VIP,Delivered,5,207.0284946040946,15,0,879.87,879.871102067402
ORD4175,1048,South,Home,Regular,Delivered,3,66.52251428211511,15,1,169.63,169.63241141939352
ORD4176,1052,West,Home,Regular,Returned,12,288.8718810485574,5,0,3293.14,3293.139443953554
ORD4177,1035,East,Clothing,Premium,Delivered,18,590.6654747399849,0,0,10631.98,10631.97854531973
ORD4178,1038,West,Home,Premium,Returned,21,435.561839562625,10,0,8232.12,8232.118767733613
ORD4179,1049,South,Sports,Regular,Delivered,14,313.0084816933982,0,0,4382.12,4382.118743707575
ORD4180,1060,North,Electronics,Premium,Delivered,2,215.37900328633913,5,0,409.22,409.2201062440443
ORD4181,1059,South,Clothing,VIP,Delivered,17,303.6239468195355,20,0,4129.29,4129.285676745682
ORD4182,1034,East,Electronics,Regular,Delivered,23,464.6525203580257,20,0,8549.61,8549.606374587673
ORD4183,1033,South,Clothing,Regular,Delivered,24,319.86309457186735,5,0,7292.88,7292.878556238576
ORD4184,1005,West,Books,Regular,Delivered,5,473.3915260499253,5,0,2248.61,2248.6097487371453
ORD4185,1021,South,Home,Regular,Returned,9,567.2119089883491,15,1,4339.17,4339.171103760871
ORD4186,1022,West,Books,Premium,Delivered,23,579.2294137083247,10,1,11990.05,11990.048863762322
ORD4187,1006,South,Clothing,VIP,Delivered,11,198.18628655487848,10,1,1962.04,1962.044236893297
ORD4188,1048,South,Books,VIP,Delivered,12,416.66456469560853,0,1,4999.97,4999.974776347302
ORD4189,1007,South,Books,VIP,Delivered,17,70.46793114064684,15,0,1018.26,1018.2616049823469
ORD4190,1006,North,Sports,Premium,Delivered,22,103.10156650924529,5,0,2154.82,2154.8227400432265
ORD4191,1059,East,Electronics,VIP,Delivered,17,107.8347390373571,0,0,1833.19,1833.1905636350707
ORD4192,1047,North,Clothing,Premium,Delivered,22,166.93550644747512,5,1,3488.95,3488.95208475223
ORD4193,1035,North,Electronics,Premium,Delivered,5,548.2692562711284,10,0,2467.21,2467.2116532200776
ORD4194,1002,East,Clothing,Regular,Returned,19,252.64884420582345,20,1,3840.26,3840.2624319285164
ORD4195,1005,East,Clothing,Premium,Delivered,6,297.73305139660437,20,0,1429.12,1429.118646703701
ORD4196,1060,South,Electronics,Premium,Delivered,13,409.16500135361525,15,0,4521.27,4521.273264957448
ORD4197,1048,East,Books,Regular,Delivered,20,212.41457722338782,0,1,4248.29,4248.2915444677565
ORD4198,1034,West,Home,Premium,Delivered,15,253.0989028025231,0,0,3796.48,3796.4835420378463
ORD4199,1009,East,Electronics,Premium,Delivered,6,103.0235061571303,10,0,556.33,556.3269332485036
ORD4200,1045,North,Clothing,VIP,Delivered,11,120.73893304167856,15,0,1128.91,1128.9090239396946
ORD4201,1021,South,Electronics,VIP,Delivered,6,503.18747563287803,10,0,2717.21,2717.2123684175417
ORD4202,1052,South,Electronics,Premium,Delivered,8,161.55634645406334,5,0,1227.83,1227.8282330508814
ORD4203,1015,South,Sports,Premium,Delivered,21,409.8229696049648,20,0,6885.03,6885.025889363408
ORD4204,1019,East,Electronics,Premium,Returned,7,449.7518676738771,20,0,2518.61,2518.6104589737115
ORD4205,1010,East,Home,VIP,Delivered,20,350.1631702327726,10,0,6302.94,6302.937064189907
ORD4206,1031,West,Sports,VIP,Returned,7,345.0979729468746,10,0,2174.12,2174.1172295653105
ORD4207,1031,West,Electronics,Regular,Delivered,21,176.3567240225966,5,1,3518.32,3518.3166442508023
ORD4208,1050,South,Electronics,VIP,Delivered,16,417.9033753157739,10,0,6017.81,6017.808604547145
ORD4209,1046,West,Home,Regular,Delivered,1,192.90391404236985,20,0,154.32,154.32313123389588
ORD4210,1023,South,Electronics,Premium,Delivered,20,440.60577149862326,20,0,7049.69,7049.692343977973
ORD4211,1015,North,Home,VIP,Delivered,2,588.5905931039525,10,0,1059.46,1059.4630675871147
ORD4212,1016,East,Home,Premium,Delivered,4,416.82945368327256,10,0,1500.59,1500.5860332597813
ORD4213,1004,North,Clothing,Premium,Returned,9,484.6972285367223,15,0,3707.93,3707.933798305926
ORD4214,1002,East,Electronics,Premium,Pending,3,230.29031020292396,10,0,621.78,621.7838375478948
ORD4215,1035,West,Books,VIP,Delivered,22,355.3652164168306,20,0,6254.43,6254.42780893622
ORD4216,1007,West,Sports,Premium,Delivered,20,451.72786472268024,0,0,9034.56,9034.557294453605
ORD4217,1012,East,Electronics,VIP,Returned,14,119.20979399263345,0,0,1668.94,1668.9371158968684
ORD4218,1022,East,Clothing,Premium,Delivered,9,518.7607670101961,20,0,3735.08,3735.077522473412
ORD4219,1010,West,Books,Regular,Delivered,16,290.19711135903276,0,0,4643.15,4643.153781744524
ORD4220,1035,West,Electronics,Regular,Delivered,21,457.76993571651093,10,0,8651.85,8651.851785042058
ORD4221,1020,South,Books,VIP,Delivered,3,310.7574311300049,20,0,745.82,745.8178347120117
ORD4222,1021,West,Clothing,Premium,Returned,18,103.40196494562417,15,0,1582.05,1582.0500636680497
ORD4223,1002,West,Clothing,VIP,Pending,18,368.300237298167,0,0,6629.4,6629.404271367006
ORD4224,1036,North,Clothing,Regular,Delivered,19,205.2854513534276,10,1,3510.38,3510.381218143612
ORD4225,1051,West,Books,Premium,Delivered,18,416.3711455558277,20,0,5995.74,5995.744496003919
ORD4226,1054,South,Books,Premium,Delivered,5,187.73839699812456,5,1,891.76,891.7573857410916
ORD4227,1010,East,Home,Regular,Delivered,15,347.1117480703406,20,0,4165.34,4165.340976844087
ORD4228,1004,North,Home,Premium,Delivered,7,537.4281820126491,10,0,3385.8,3385.7975466796897
ORD4229,1053,South,Clothing,Regular,Returned,24,196.01773930524038,20,0,3763.54,3763.540594660615
ORD4230,1002,East,Clothing,Premium,Delivered,7,170.6506472471873,10,0,1075.1,1075.0990776572798
ORD4231,1033,South,Home,VIP,Delivered,15,186.04921830049074,20,0,2232.59,2232.590619605889
ORD4232,1046,East,Home,Regular,Delivered,23,146.74177569256778,10,0,3037.55,3037.554756836153
ORD4233,1048,South,Electronics,VIP,Delivered,19,365.80161397752414,20,0,5560.18,5560.184532458367
ORD4234,1036,North,Clothing,VIP,Returned,1,171.8725798294932,10,0,154.69,154.68532184654387
ORD4235,1002,South,Home,VIP,Delivered,21,224.0694729636831,20,0,3764.37,3764.3671457898763
ORD4236,1037,South,Books,Premium,Delivered,21,330.60536035431727,10,0,6248.44,6248.441310696597
ORD4237,1050,East,Clothing,Regular,Delivered,3,470.3240128491931,10,1,1269.87,1269.8748346928214
ORD4238,1029,South,Electronics,VIP,Returned,13,554.1683025517598,20,1,5763.35,5763.350346538302
ORD4239,1025,North,Electronics,Premium,Delivered,17,542.2918776171716,10,0,8297.07,8297.065727542726
ORD4240,1005,East,Electronics,Premium,Returned,16,475.6256903153396,20,1,6088.01,6088.008836036348
ORD4241,1058,South,Books,Regular,Delivered,17,417.6501973581222,15,0,6035.05,6035.045351824866
ORD4242,1043,East,Sports,VIP,Delivered,4,392.254975157461,15,0,1333.67,1333.6669155353673
ORD4243,1050,South,Home,VIP,Delivered,6,208.85761991057024,20,0,1002.52,1002.5165755707371
ORD4244,1010,North,Home,VIP,Delivered,3,532.1900982794572,20,0,1277.26,1277.2562358706973
ORD4245,1039,North,Sports,Regular,Delivered,19,167.48725847544108,10,0,2864.03,2864.0321199300424
ORD4246,1020,West,Electronics,VIP,Delivered,20,477.7924376805758,20,0,7644.68,7644.679002889213
ORD4247,1035,North,Books,Premium,Returned,4,351.0160634292638,15,0,1193.45,1193.4546156594968
ORD4248,1039,West,Home,VIP,Pending,12,213.24630231675118,20,0,2047.16,2047.1645022408113
ORD4249,1041,North,Clothing,Premium,Delivered,5,585.4998630900136,15,1,2488.37,2488.374418132558
ORD4250,1010,South,Sports,Regular,Delivered,23,560.325803713844,0,0,12887.49,12887.493485418412
ORD4251,1007,West,Sports,Premium,Delivered,9,175.0345999322408,5,0,1496.55,1496.5458294206587
ORD4252,1043,South,Clothing,Regular,Delivered,12,560.0419616957556,10,0,6048.45,6048.453186314161
ORD4253,1020,North,Sports,Premium,Delivered,21,324.77421058439035,15,0,5797.22,5797.219658931367
ORD4254,1005,East,Books,Premium,Pending,15,377.2659633573225,10,0,5093.09,5093.090505323854
ORD4255,1010,East,Books,Regular,Delivered,24,374.34438489895166,10,0,8085.84,8085.838713817357
ORD4256,1016,East,Clothing,Premium,Delivered,13,238.34227435222195,0,0,3098.45,3098.4495665788854
ORD4257,1054,South,Books,Regular,Delivered,16,510.7099123276401,20,1,6537.09,6537.086877793794
ORD4258,1025,South,Books,Regular,Pending,10,405.18022951147793,5,1,3849.21,3849.2121803590403
ORD4259,1017,East,Sports,Regular,Delivered,2,488.1519874796168,5,0,927.49,927.4887762112719
ORD4260,1002,North,Electronics,Premium,Delivered,10,264.2083983096825,10,0,2377.88,2377.8755847871425
ORD4261,1036,North,Electronics,VIP,Delivered,6,572.635151854857,0,0,3435.81,3435.810911129142
ORD4262,1018,South,Home,Premium,Returned,8,304.5796036371428,15,0,2071.14,2071.141304732571
ORD4263,1057,North,Electronics,Regular,Delivered,19,590.8420482530727,20,0,8980.8,8980.799133446706
ORD4264,1021,East,Electronics,VIP,Delivered,15,345.97031519995886,20,0,4151.64,4151.643782399507
ORD4265,1026,North,Home,Regular,Delivered,5,322.5477770334417,5,0,1532.1,1532.101940908848
ORD4266,1018,West,Home,Regular,Delivered,19,553.552216369957,20,0,8413.99,8413.993688823348
ORD4267,1015,South,Clothing,Premium,Delivered,12,284.1221513333211,15,0,2898.05,2898.045943599875
ORD4268,1024,North,Sports,VIP,Returned,2,453.1662617271244,5,1,861.02,861.0158972815362
ORD4269,1045,West,Clothing,Premium,Delivered,21,564.7069502332108,5,1,11265.9,11265.903657152556
ORD4270,1020,West,Clothing,Premium,Delivered,18,422.11781804800796,10,0,6838.31,6838.308652377729
ORD4271,1032,West,Home,VIP,Delivered,8,383.25027637601625,20,0,2452.8,2452.8017688065042
ORD4272,1038,West,Clothing,Premium,Returned,5,323.1890232537153,10,1,1454.35,1454.3506046417187
ORD4273,1018,East,Books,Regular,Delivered,7,561.5804812515892,20,0,3144.85,3144.8506950088995
ORD4274,1060,West,Books,VIP,Returned,21,381.07825925583245,10,1,7202.38,7202.379099935233
ORD4275,1057,West,Electronics,VIP,Delivered,15,233.89572185170562,10,0,3157.59,3157.5922449980258
ORD4276,1008,South,Electronics,VIP,Delivered,13,313.39085149851223,10,0,3666.67,3666.6729625325934
ORD4277,1049,West,Books,Premium,Pending,6,461.2297036434795,20,0,2213.9,2213.902577488702
ORD4278,1055,East,Sports,Premium,Delivered,15,299.69106850887897,10,0,4045.83,4045.829424869866
ORD4279,1031,North,Clothing,Regular,Delivered,4,582.535342372488,5,1,2213.63,2213.634301015454
ORD4280,1060,South,Books,Premium,Delivered,3,175.32467860670954,20,1,420.78,420.77922865610293
ORD4281,1036,North,Electronics,Premium,Delivered,17,485.2321130984051,15,1,7011.6,7011.604034271953
ORD4282,1055,East,Electronics,VIP,Delivered,4,564.2908416025695,0,1,2257.16,2257.163366410278
ORD4283,1026,West,Books,Premium,Delivered,19,258.00667005812215,5,0,4657.02,4657.020394549105
ORD4284,1030,South,Sports,VIP,Delivered,11,520.4305506529342,10,0,5152.26,5152.262451464049
ORD4285,1058,North,Books,Premium,Pending,2,95.5924685851698,0,0,191.18,191.1849371703396
ORD4286,1032,South,Clothing,Premium,Delivered,13,459.8389468491408,10,1,5380.12,5380.115678134948
ORD4287,1054,South,Sports,Regular,Delivered,7,462.3921460194443,5,1,3074.91,3074.9077710293045
ORD4288,1003,West,Sports,Regular,Delivered,18,400.1193281928816,5,0,6842.04,6842.040512098275
ORD4289,1052,West,Home,VIP,Delivered,20,444.1561289835683,5,0,8438.97,8438.966450687798
ORD4290,1050,West,Books,VIP,Returned,7,175.32969742331866,20,1,981.85,981.8463055705845
ORD4291,1009,East,Electronics,VIP,Returned,18,73.81844306142487,15,0,1129.42,1129.4221788398006
ORD4292,1056,North,Electronics,Premium,Delivered,20,491.7913797734251,20,0,7868.66,7868.6620763748015
ORD4293,1046,East,Electronics,Premium,Pending,18,298.8406087034261,0,0,5379.13,5379.130956661669
ORD4294,1037,North,Home,Regular,Delivered,17,492.17947708369906,5,1,7948.7,7948.69855490174
ORD4295,1025,North,Clothing,VIP,Delivered,11,538.1503461171818,20,0,4735.72,4735.7230458312
ORD4296,1021,South,Sports,VIP,Delivered,12,184.40856516931575,0,0,2212.9,2212.902782031789
ORD4297,1007,West,Clothing,Regular,Returned,19,207.30917378879394,15,1,3348.04,3348.043156689022
ORD4298,1033,North,Sports,Premium,Delivered,7,482.93816801335123,15,0,2873.48,2873.4820996794397
ORD4299,1058,North,Home,VIP,Delivered,6,306.3011683027074,15,0,1562.14,1562.1359583438077
ORD4300,1008,North,Books,VIP,Delivered,5,586.3184674913558,20,0,2345.27,2345.2738699654233
ORD4301,1060,North,Books,VIP,Delivered,8,594.2493135218178,15,0,4040.9,4040.895331948361
ORD4302,1013,East,Electronics,Premium,Delivered,4,535.7597115524802,10,0,1928.73,1928.7349615889289
ORD4303,1048,West,Electronics,VIP,Returned,19,541.6756111034324,15,0,8748.06,8748.061119320433
ORD4304,1022,South,Home,Premium,Delivered,18,259.1558078846691,15,0,3965.08,3965.0838606354378
ORD4305,1028,West,Books,Regular,Delivered,2,233.97681894965402,0,1,467.95,467.95363789930803
ORD4306,1016,South,Books,Premium,Delivered,8,500.9189387720113,20,0,3205.88,3205.8812081408723
ORD4307,1028,South,Clothing,VIP,Delivered,12,340.0985150857189,5,0,3877.12,3877.123071977195
ORD4308,1023,South,Books,Premium,Delivered,17,155.27173713747993,0,1,2639.62,2639.619531337159
ORD4309,1059,West,Electronics,Premium,Delivered,22,356.3848058559368,0,1,7840.47,7840.46572883061
ORD4310,1026,East,Electronics,Premium,Delivered,22,422.0881867711216,15,1,7893.05,7893.0490926199745
ORD4311,1038,East,Electronics,Regular,Delivered,8,462.0903286057273,20,0,2957.38,2957.378103076655
ORD4312,1050,North,Home,VIP,Returned,14,515.4712564781465,10,1,6494.94,6494.937831624647
ORD4313,1048,South,Electronics,VIP,Delivered,23,305.120450481586,15,0,5965.1,5965.104806915006
ORD4314,1008,North,Clothing,Premium,Delivered,21,179.17411384775798,10,0,3386.39,3386.3907517226257
ORD4315,1049,West,Electronics,Regular,Delivered,4,545.620514932178,15,1,1855.11,1855.1097507694053
ORD4316,1036,East,Books,Regular,Delivered,1,289.2462844289288,15,0,245.86,245.85934176458946
ORD4317,1002,East,Sports,Regular,Delivered,9,525.3391140735996,20,0,3782.44,3782.4416213299173
ORD4318,1039,East,Home,VIP,Delivered,22,411.6433691971735,20,0,7244.92,7244.923297870254
ORD4319,1008,North,Clothing,Regular,Pending,4,555.040602496483,15,1,1887.14,1887.138048488042
ORD4320,1039,North,Electronics,VIP,Delivered,11,149.0426317598857,20,0,1311.58,1311.5751594869942
ORD4321,1024,South,Home,Regular,Delivered,10,51.31458021904333,20,0,410.52,410.5166417523467
ORD4322,1055,South,Sports,Premium,Returned,3,451.2191836298293,10,1,1218.29,1218.291795800539
ORD4323,1060,West,Home,Regular,Delivered,1,322.2527653918229,20,0,257.8,257.8022123134583
ORD4324,1026,South,Home,Premium,Pending,19,112.85083790847276,20,1,1715.33,1715.3327362087857
ORD4325,1009,South,Sports,Premium,Delivered,18,181.43641150918168,10,1,2939.27,2939.2698664487434
ORD4326,1032,South,Sports,VIP,Returned,20,453.93481007821185,5,0,8624.76,8624.761391486025
ORD4327,1045,West,Home,Regular,Delivered,19,451.0692517007152,15,0,7284.77,7284.768414966549
ORD4328,1058,South,Books,Premium,Returned,16,62.576850373383714,10,1,901.11,901.1066453767255
ORD4329,1054,West,Books,Premium,Delivered,24,486.53851534151346,0,0,11676.92,11676.924368196323
ORD4330,1020,West,Books,VIP,Returned,1,467.9243137065679,15,1,397.74,397.7356666505827
ORD4331,1024,East,Sports,Regular,Delivered,20,275.74958632390167,0,0,5514.99,5514.991726478033
ORD4332,1045,North,Electronics,Premium,Returned,20,481.16142099438963,0,0,9623.23,9623.228419887793
ORD4333,1051,South,Books,VIP,Returned,1,99.10899347137419,0,0,99.11,99.10899347137419
ORD4334,1007,South,Books,Regular,Delivered,15,520.6113543754009,15,0,6637.79,6637.794768286361
ORD4335,1052,West,Clothing,Premium,Delivered,20,117.59625129454307,5,1,2234.33,2234.3287745963185
ORD4336,1012,North,Sports,Premium,Delivered,4,89.81703903855133,10,0,323.34,323.3413405387848
ORD4337,1034,West,Clothing,Premium,Delivered,20,127.82137836709045,15,0,2172.96,2172.9634322405373
ORD4338,1041,East,Clothing,VIP,Delivered,18,130.50560899853264,0,0,2349.1,2349.1009619735873
ORD4339,1019,South,Books,Regular,Pending,1,528.5865804325042,0,0,528.59,528.5865804325042
ORD4340,1021,North,Books,Regular,Returned,9,372.6805949303163,20,0,2683.3,2683.3002834982776
ORD4341,1018,North,Clothing,Regular,Returned,13,491.84013195358534,10,0,5754.53,5754.529543856948
ORD4342,1017,East,Electronics,VIP,Delivered,5,316.53806635546965,10,0,1424.42,1424.4212985996135
ORD4343,1049,East,Books,Regular,Returned,14,238.4941456786628,15,0,2838.08,2838.080333576087
ORD4344,1024,North,Home,Premium,Returned,4,389.68829188755274,15,0,1324.94,1324.9401924176793
ORD4345,1012,South,Sports,VIP,Delivered,5,460.03495078953154,10,0,2070.16,2070.157278552892
ORD4346,1021,West,Electronics,Regular,Returned,12,541.3697524894378,5,0,6171.62,6171.61517837959
ORD4347,1004,West,Home,Regular,Returned,13,363.0937484522564,20,0,3776.17,3776.174983903467
ORD4348,1029,South,Sports,Regular,Returned,14,591.314276915968,15,1,7036.64,7036.639895300019
ORD4349,1037,East,Electronics,Regular,Returned,21,164.1803257549339,20,0,2758.23,2758.2294726828895
ORD4350,1017,East,Electronics,Regular,Delivered,16,396.19478945399936,10,0,5705.2,5705.204968137591
ORD4351,1015,North,Sports,Premium,Delivered,2,279.26439775087795,0,0,558.53,558.5287955017559
ORD4352,1003,South,Sports,VIP,Delivered,7,482.3809919260297,20,1,2701.33,2701.3335547857664
ORD4353,1050,East,Home,Premium,Returned,6,399.57699639887073,10,0,2157.72,2157.715780553902
ORD4354,1050,South,Home,Regular,Delivered,12,88.57426240982915,10,0,956.6,956.6020340261548
ORD4355,1023,South,Electronics,Regular,Delivered,23,293.33117280658007,5,0,6409.29,6409.2861258237745
ORD4356,1048,West,Sports,Premium,Returned,2,289.35192162909925,20,0,462.96,462.96307460655885
ORD4357,1008,East,Clothing,VIP,Returned,14,78.12749757423185,15,0,929.72,929.7172211333591
ORD4358,1001,North,Books,Premium,Pending,7,227.18685480529513,5,0,1510.79,1510.7925844552126
ORD4359,1056,North,Clothing,Regular,Delivered,3,404.1402817107307,0,0,1212.42,1212.420845132192
ORD4360,1022,South,Home,Premium,Returned,14,141.65856620733712,20,0,1586.58,1586.5759415221758
ORD4361,1044,South,Clothing,Premium,Delivered,22,142.40405188538574,15,1,2662.96,2662.955770256713
ORD4362,1059,South,Sports,Premium,Returned,6,325.44965196236325,20,0,1562.16,1562.1583294193435
ORD4363,1019,West,Books,VIP,Delivered,16,482.0533383610994,20,0,6170.28,6170.282731022073
ORD4364,1050,East,Books,Regular,Returned,20,260.0782099630104,20,0,4161.25,4161.251359408167
ORD4365,1006,North,Clothing,Premium,Delivered,18,551.8508153251473,10,0,8939.98,8939.983208267387
ORD4366,1027,West,Electronics,Regular,Returned,4,410.96981570920104,5,0,1561.69,1561.685299694964
ORD4367,1034,North,Sports,Regular,Delivered,15,140.49221141819996,0,1,2107.38,2107.3831712729993
ORD4368,1026,West,Home,VIP,Pending,3,394.91153900251345,15,0,1007.02,1007.0244244564092
ORD4369,1016,East,Sports,VIP,Delivered,22,59.30451329693646,20,0,1043.76,1043.7594340260819
ORD4370,1008,North,Books,Regular,Delivered,14,469.99511549318146,15,0,5592.94,5592.941874368859
ORD4371,1055,South,Home,Premium,Delivered,18,279.3077271757044,10,1,4524.79,4524.785180246411
ORD4372,1041,South,Clothing,Premium,Delivered,20,343.18077139406586,0,0,6863.62,6863.615427881317
ORD4373,1035,North,Home,VIP,Delivered,8,321.51037664718956,5,0,2443.48,2443.4788625186407
ORD4374,1002,West,Electronics,Regular,Delivered,9,387.65322903294367,15,1,2965.55,2965.547202102019
ORD4375,1055,North,Sports,Regular,Delivered,4,440.57429296339643,10,0,1586.07,1586.0674546682271
ORD4376,1004,South,Home,Regular,Delivered,14,363.5984190171795,10,0,4581.34,4581.3400796164615
ORD4377,1027,East,Electronics,Premium,Returned,2,488.9226225610477,0,0,977.85,977.8452451220954
ORD4378,1058,South,Home,Premium,Returned,10,444.94525073137845,5,0,4226.98,4226.979881948096
ORD4379,1009,West,Home,Regular,Delivered,5,332.90936944102486,0,0,1664.55,1664.5468472051243
ORD4380,1027,North,Books,VIP,Delivered,16,386.365939819525,15,0,5254.58,5254.57678154554
ORD4381,1053,East,Clothing,Premium,Delivered,12,176.3747227676851,0,0,2116.5,2116.496673212221
ORD4382,1003,North,Electronics,Regular,Delivered,6,212.13164202229999,0,1,1272.79,1272.7898521338
ORD4383,1039,West,Clothing,Regular,Delivered,15,500.17318567430874,0,0,7502.6,7502.597785114631
ORD4384,1004,North,Books,VIP,Delivered,20,201.72280619500717,0,1,4034.46,4034.456123900143
ORD4385,1030,East,Sports,Regular,Returned,18,322.4453752187031,0,0,5804.02,5804.016753936656
ORD4386,1055,South,Books,VIP,Returned,22,382.5967890891986,10,1,7575.42,7575.416423966133
ORD4387,1046,South,Clothing,Premium,Delivered,15,585.1701931199145,15,1,7460.92,7460.919962278909
ORD4388,1035,West,Books,Premium,Returned,23,220.81692874254722,10,1,4570.91,4570.910424970727
ORD4389,1017,North,Books,VIP,Delivered,3,175.87716431037205,5,0,501.25,501.2499182845603
ORD4390,1022,West,Clothing,Premium,Delivered,4,141.03373311639376,5,0,535.93,535.9281858422962
ORD4391,1024,West,Sports,Premium,Delivered,5,419.7451562316323,15,0,1783.92,1783.916913984437
ORD4392,1017,East,Electronics,Premium,Returned,20,311.5270696041788,10,0,5607.49,5607.4872528752185
ORD4393,1018,East,Sports,VIP,Pending,9,241.10456003197325,15,0,1844.45,1844.4498842445953
ORD4394,1032,East,Home,Premium,Delivered,21,137.04019466992185,5,0,2733.95,2733.951883664941
ORD4395,1004,South,Electronics,VIP,Returned,6,207.20823640915523,15,1,1056.76,1056.7620056866917
ORD4396,1050,West,Sports,Premium,Delivered,16,265.5110671578899,0,0,4248.18,4248.177074526238
ORD4397,1060,West,Electronics,Regular,Returned,21,67.07119130325036,10,0,1267.65,1267.6455156314319
ORD4398,1012,West,Sports,VIP,Delivered,4,580.0932951592376,20,1,1856.3,1856.2985445095605
ORD4399,1008,North,Sports,Regular,Delivered,4,246.354317620579,15,0,837.6,837.6046799099686
ORD4400,1019,North,Clothing,VIP,Pending,10,224.87663410813917,15,0,1911.45,1911.4513899191827
ORD4401,1027,North,Electronics,Premium,Delivered,9,575.6504976441378,15,0,4403.73,4403.726306977654
ORD4402,1035,North,Home,Regular,Delivered,15,282.38451923508796,0,0,4235.77,4235.767788526319
ORD4403,1028,West,Sports,VIP,Delivered,2,530.2410847164906,10,0,954.43,954.4339524896831
ORD4404,1035,North,Clothing,Regular,Pending,6,220.5921160051992,20,0,1058.84,1058.8421568249562
ORD4405,1016,North,Electronics,Regular,Delivered,6,389.47877810282597,0,1,2336.87,2336.8726686169557
ORD4406,1012,South,Electronics,Regular,Delivered,6,387.65793041367226,20,0,1860.76,1860.7580659856271
ORD4407,1053,East,Home,VIP,Delivered,24,469.62064224922483,10,0,10143.81,10143.805872583256
ORD4408,1059,North,Books,VIP,Pending,12,401.9016539183747,5,1,4581.68,4581.678854669472
ORD4409,1048,East,Sports,Premium,Pending,6,492.4121544053327,5,1,2806.75,2806.7492801103963
ORD4410,1023,West,Books,Premium,Delivered,21,208.0071822071909,20,0,3494.52,3494.5206610808077
ORD4411,1013,West,Sports,Regular,Returned,17,173.40460987283728,20,0,2358.3,2358.302694270587
ORD4412,1058,East,Sports,VIP,Delivered,16,309.03094136406463,15,0,4202.82,4202.820802551279
ORD4413,1010,North,Home,VIP,Delivered,10,337.0877965060579,15,0,2865.25,2865.246270301492
ORD4414,1048,North,Books,Regular,Returned,17,86.4099450359993,15,0,1248.62,1248.6237057701899
ORD4415,1022,West,Clothing,VIP,Delivered,9,372.9574062737956,5,0,3188.79,3188.785823640952
ORD4416,1038,West,Books,Regular,Delivered,18,328.5007023092137,15,0,5026.06,5026.060745330969
ORD4417,1022,North,Books,VIP,Delivered,1,264.6566759092904,15,0,224.96,224.95817452289685
ORD4418,1036,North,Books,Premium,Delivered,14,523.8893437819993,0,1,7334.45,7334.45081294799
ORD4419,1018,East,Home,Premium,Delivered,2,67.13018282830551,10,0,120.83,120.83432909094992
ORD4420,1045,North,Electronics,Premium,Delivered,3,258.22890248519354,15,1,658.48,658.4837013372435
ORD4421,1036,North,Electronics,Premium,Delivered,22,102.6894476344387,0,0,2259.17,2259.1678479576512
ORD4422,1008,West,Clothing,VIP,Pending,14,395.54282750592523,0,0,5537.6,5537.599585082953
ORD4423,1012,West,Clothing,VIP,Delivered,13,409.5111669667444,0,0,5323.65,5323.645170567677
ORD4424,1046,North,Electronics,VIP,Delivered,17,90.27037457809041,0,0,1534.6,1534.596367827537
ORD4425,1017,West,Books,VIP,Delivered,16,520.2057904465298,0,0,8323.29,8323.292647144477
ORD4426,1039,West,Home,Regular,Delivered,18,73.73941826293165,0,0,1327.31,1327.3095287327696
ORD4427,1048,East,Sports,Premium,Pending,4,452.1853075977359,5,0,1718.3,1718.3041688713963
ORD4428,1031,East,Home,Premium,Delivered,6,169.01402539733982,20,0,811.27,811.2673219072312
ORD4429,1010,East,Clothing,Regular,Delivered,23,103.19555961613665,20,0,1898.8,1898.7982969369143
ORD4430,1022,North,Sports,VIP,Delivered,10,446.9291351700792,15,0,3798.9,3798.897648945673
ORD4431,1052,East,Clothing,VIP,Returned,18,386.502307950189,5,1,6609.19,6609.189465948231
ORD4432,1013,North,Clothing,Premium,Delivered,3,253.88401347733137,5,0,723.57,723.5694384103944
ORD4433,1020,North,Electronics,VIP,Returned,14,211.10594775482292,15,0,2512.16,2512.1607782823926
ORD4434,1031,West,Clothing,Premium,Delivered,21,251.86515002614007,15,0,4495.79,4495.7929279666005
ORD4435,1007,West,Electronics,VIP,Delivered,17,124.57452504200333,10,0,1905.99,1905.9902331426508
ORD4436,1019,East,Electronics,Premium,Delivered,21,343.9870954683986,20,0,5778.98,5778.9832038690965
ORD4437,1010,South,Clothing,VIP,Delivered,17,460.41503539936485,5,0,7435.7,7435.702821699741
ORD4438,1029,East,Sports,Premium,Pending,17,296.43804182486485,0,1,5039.45,5039.446711022702
ORD4439,1034,North,Electronics,VIP,Delivered,16,322.17766847137835,0,0,5154.84,5154.842695542054
ORD4440,1004,West,Clothing,Premium,Delivered,16,466.51565223287736,5,0,7091.04,7091.0379139397355
ORD4441,1017,East,Sports,Regular,Delivered,24,375.6514314497846,15,0,7663.29,7663.289201575606
ORD4442,1028,East,Clothing,Premium,Delivered,19,527.5603475787273,10,0,9021.28,9021.281943596236
ORD4443,1041,North,Electronics,VIP,Delivered,6,406.9639703629571,0,0,2441.78,2441.783822177743
ORD4444,1001,East,Clothing,VIP,Delivered,24,153.3520921706086,20,0,2944.36,2944.3601696756855
ORD4445,1056,South,Clothing,Regular,Delivered,2,139.2227864700232,0,1,278.45,278.4455729400464
ORD4446,1007,South,Electronics,Premium,Delivered,6,469.6900725674243,5,1,2677.23,2677.2334136343184
ORD4447,1060,North,Sports,VIP,Delivered,20,446.6933905211286,0,0,8933.87,8933.867810422573
ORD4448,1060,East,Books,VIP,Pending,9,150.1571141125669,5,0,1283.84,1283.843325662447
ORD4449,1007,West,Home,Premium,Delivered,4,234.57906220216256,15,0,797.57,797.5688114873527
ORD4450,1021,West,Home,Regular,Delivered,19,157.84739313188433,5,0,2849.15,2849.145446030512
ORD4451,1036,South,Clothing,Premium,Delivered,1,226.12295009028563,0,0,226.12,226.12295009028563
ORD4452,1026,East,Home,VIP,Delivered,2,306.530140573307,15,0,521.1,521.1012389746219
ORD4453,1040,West,Clothing,Regular,Returned,17,452.1157011487921,15,0,6533.07,6533.071881600045
ORD4454,1047,West,Books,VIP,Delivered,3,586.8743745902023,5,1,1672.59,1672.5919675820764
ORD4455,1006,East,Electronics,Regular,Delivered,18,437.87552948432614,20,0,6305.41,6305.407624574297
ORD4456,1044,North,Home,VIP,Returned,10,328.08382719426817,5,0,3116.8,3116.7963583455476
ORD4457,1033,South,Sports,Premium,Delivered,13,130.0859908988159,20,1,1352.89,1352.8943053476855
ORD4458,1050,North,Electronics,VIP,Delivered,20,190.1000387420491,0,1,3802.0,3802.0007748409816
ORD4459,1052,East,Home,Premium,Delivered,21,389.05891189466223,10,1,7353.21,7353.213434809116
ORD4460,1056,East,Books,VIP,Delivered,11,484.6100540684594,20,0,4264.57,4264.568475802443
ORD4461,1040,West,Books,Premium,Delivered,6,125.689235595349,0,1,754.14,754.135413572094
ORD4462,1019,West,Books,VIP,Delivered,20,314.2667403444418,15,0,5342.53,5342.534585855511
ORD4463,1059,West,Electronics,VIP,Delivered,4,454.84008403457267,20,0,1455.49,1455.4882689106325
ORD4464,1021,South,Sports,Premium,Delivered,9,520.420093472366,0,0,4683.78,4683.780841251294
ORD4465,1049,West,Home,VIP,Returned,12,449.8673418503688,20,0,4318.73,4318.7264817635405
ORD4466,1032,West,Clothing,Regular,Returned,3,212.49683613640275,0,0,637.49,637.4905084092082
ORD4467,1013,East,Home,Premium,Delivered,11,525.1716571895031,15,0,4910.35,4910.3549947218535
ORD4468,1017,West,Books,Regular,Delivered,15,462.44689564701736,0,0,6936.7,6936.70343470526
ORD4469,1060,East,Electronics,Premium,Delivered,15,119.15074438170633,10,0,1608.54,1608.5350491530355
ORD4470,1018,North,Clothing,VIP,Delivered,13,249.47378877344065,5,0,3081.0,3081.0012913519918
ORD4471,1052,West,Home,VIP,Returned,1,123.02844245717802,10,1,110.73,110.72559821146022
ORD4472,1023,East,Clothing,Premium,Pending,5,464.71830129389184,15,0,1975.05,1975.0527804990402
ORD4473,1005,North,Clothing,Premium,Pending,12,466.14181728770484,20,0,4474.96,4474.961445961967
ORD4474,1020,West,Clothing,Premium,Delivered,18,572.800261144631,5,0,9794.88,9794.88446557319
ORD4475,1027,West,Books,Regular,Pending,8,125.32497764839194,15,0,852.21,852.2098480090651
ORD4476,1043,East,Books,Premium,Returned,24,409.6947945694622,10,0,8849.41,8849.407562700384
ORD4477,1055,South,Sports,VIP,Returned,24,437.0036722441135,5,0,9963.68,9963.683727165788
ORD4478,1052,North,Clothing,Regular,Delivered,6,556.1931082998807,5,0,3170.3,3170.3007173093197
ORD4479,1001,South,Home,VIP,Delivered,23,598.1957671380122,0,0,13758.5,13758.502644174281
ORD4480,1030,South,Electronics,Premium,Delivered,5,194.61646942924594,0,0,973.08,973.0823471462297
ORD4481,1012,North,Home,VIP,Delivered,22,598.9295107029833,20,1,10541.16,10541.159388372507
ORD4482,1041,West,Clothing,VIP,Delivered,20,66.00554591033287,5,0,1254.11,1254.1053722963245
ORD4483,1039,West,Clothing,Regular,Delivered,4,87.82851214485126,10,0,316.18,316.18264372146456
ORD4484,1039,North,Electronics,Premium,Delivered,19,310.48031058077345,15,0,5014.26,5014.2570158794915
ORD4485,1045,South,Sports,Regular,Delivered,13,365.81087872907267,20,0,3804.43,3804.433138782356
ORD4486,1031,South,Clothing,VIP,Delivered,4,294.26365370734754,15,0,1000.5,1000.4964226049816
ORD4487,1002,West,Clothing,Regular,Delivered,16,437.72603586711733,15,0,5953.07,5953.074087792796
ORD4488,1010,North,Clothing,VIP,Pending,22,350.36172418286077,20,0,6166.37,6166.366345618349
ORD4489,1053,South,Electronics,Premium,Delivered,19,355.65719305768766,15,0,5743.86,5743.863667881656
ORD4490,1004,West,Clothing,Premium,Returned,8,187.6237912231179,20,1,1200.79,1200.7922638279547
ORD4491,1051,West,Clothing,VIP,Delivered,7,152.39199905748438,10,0,960.07,960.0695940621517
ORD4492,1029,North,Sports,Regular,Delivered,21,60.905676231225726,0,0,1279.02,1279.0192008557403
ORD4493,1039,West,Clothing,Premium,Returned,13,154.46287904920166,20,1,1606.41,1606.4139421116972
ORD4494,1050,North,Electronics,Regular,Delivered,17,252.14473623494723,10,1,3857.81,3857.8144643946925
ORD4495,1020,South,Home,Regular,Delivered,24,161.42285697794335,20,0,3099.32,3099.3188539765124
ORD4496,1054,South,Sports,Premium,Pending,17,344.54274574991024,20,0,4685.78,4685.781342198779
ORD4497,1052,West,Electronics,VIP,Delivered,15,328.332673000628,15,1,4186.24,4186.241580758006
ORD4498,1006,East,Electronics,Premium,Delivered,11,119.71870351159754,5,0,1251.06,1251.0604516961941
ORD4499,1037,East,Clothing,VIP,Pending,6,145.28165451947277,10,0,784.52,784.520934405153
